facility_name,id,lat,long,year,month,value
Aa-salam_Clinic,e1iVoquOKVT,-14.54537,35.19221,2025,01,122.0
African_Bible_College_Community_Hospital,zYfP0gkHRJH,-13.96816,33.74129,2025,01,100.0
Airwing_Dispensary,V7m6S5TIpqf,-13.96162,33.69679,2025,01,931.0
Alinafe_Community_Hospital,Y46sxDDIkfz,-13.38789,34.24292,2025,01,564.0
Alumenda_Clinic_(Illovo_Private),NG36oCEzUcC,-16.403325,34.885623,2025,01,3.0
Amalika_Dispensary,lIGQGBEICWx,-15.99203,35.03183,2025,01,222.0
Anchor_Farm_Health_Centre,lXEN2NtidAc,-13.41428,33.390958,2025,01,806.0
Area_18_Urban_Health_Centre,h2ls2FUTYDc,-13.94131,33.78051,2025,01,1217.0
Area_25_Urban_Health_Centre,mFfOvxjq4y2,-13.89272,33.77465,2025,01,3626.0
Area_30_Police_Clinic,LAO8ozAkDKO,-13.9279,33.78419,2025,01,568.0
Asamala_Health_Services_,sXNwy8bRFub,-13.94454,33.77083,2025,01,38.0
Atupele_Community_Hospital,WZ18joAt6xW,-9.73682,33.83744,2025,01,796.0
Balaka_District_Hospital,R96XZz9y9Ji,-14.98498,34.94959,2025,01,1655.0
Bangwe_Health_Centre,Z4phqEA2Pcr,-15.823832,35.080477,2025,01,155.0
Bema_Dispensary,XWADuecGXN4,-14.15069,34.31881,2025,01,2898.0
Bembeke_Health_Centre,spQpsut9f1B,-14.35825,34.42432,2025,01,80.0
Benga_Health_Centre,n6UZ8o9yo6L,-13.36846,34.27404,2025,01,760.0
Bereu_Dispensary,FO0kNPmm5E9,-16.15199,34.85376,2025,01,129.0
Bilal_Dispensary,KxcbdpaFBia,-15.74149,35.13047,2025,01,32.0
Bilira_Health_Centre,pPHM09AVDAS,-14.82489,34.85134,2025,01,987.0
Billy_Riordan_Memorial_Health_Clinic,qQOkofJwpxB,-14.03205,34.84044,2025,01,16.0
Bimbi_Health_Centre,gS8A33Rsqjr,-15.30876,35.4794,2025,01,784.0
Biriwiri_Health_Centre,K9CYAs4mo5E,-14.817,34.638306,2025,01,491.0
Blantyre_Adventist_Hospital,VOnPaWYUVJK,-15.782349,35.003089,2025,01,14.0
Blantyre_City_Assembly_Clinic_,kAU4FFex0Pa,-15.80333,35.03895,2025,01,0.0
Blessings_Hospital_,Y8mjMFSYoPw,-13.79099,33.81707,2025,01,235.0
Bolero_Rural_Hospital,Oc3g2Wv2s5M,-10.97843,33.74342,2025,01,957.0
Bondo_Health_Centre,XUpPIr0oxZ5,-16.04267,35.61388,2025,01,1680.0
Bowe_Health_Centre,glIscvEdIJz,-13.27878,33.68392,2025,01,3361.0
Bua_Health_Center_(Nkhotakota),BQ3aLnP32uB,-12.7967,34.20971,2025,01,736.0
Bua_Health_Centre_(Kasungu),T118NxiYoIL,-13.29403,33.53859,2025,01,1284.0
Bula_Health_Centre,H8jU8sCWscO,-11.22268,34.12324,2025,01,890.0
Bulala_Health_Centre,hDkZbRiskMg,-11.6781,33.44798,2025,01,2615.0
Bunda_Clinic,sTbvB4c8oX1,-14.18038,33.77554,2025,01,142.0
Bvumbwe_Health_Centre,c2h7xIrYLsw,-15.92823,35.07786,2025,01,351.0
Bwaila_Hospital,XtF7Xzv3edv,-13.99164,33.77561,2025,01,1495.0
Bwanje_Health_Centre,LqUvHvI2ifc,-14.64857,34.77445,2025,01,822.0
Bwengu_Health_Centre,jn7xfbY43dS,-11.06356,33.91646,2025,01,573.0
Cape_Maclear_Dispensary,fQkT0hCVsMg,-14.0259407,34.8521397,2025,01,44.0
Chabvala_Health_Centre,grfnmKmWiJ9,-15.833894,34.834342,2025,01,2595.0
Chadza_Health_Centre,cnyjtiMcC1D,-14.14715,33.84167,2025,01,2960.0
Chagunda_Health_Centre,fe9EboFXU0V,-13.88028,34.36721,2025,01,914.0
Chakhaza_Health_Centre,SL1ePpPFaki,-13.44421,33.64676,2025,01,2435.0
Chamama_Health_Centre,LmCUb5UShy6,-12.924306,33.776861,2025,01,2070.0
Chamba_Health_Centre_(Machinga),lNsSSuNKbIP,-15.20234,35.42137,2025,01,1358.0
Chamba_Health_Centre_(Zomba),T9SOI57r1OF,-15.46571,35.51662,2025,01,843.0
Chambe_Health_Centre,Ln1grpEjzuK,-15.90334,35.49075,2025,01,1887.0
Chambo_Health_Centre,h9csPxuoZUo,-9.94361,33.39795,2025,01,1241.0
Chambwe_Health_Centre,Dl6P4C549hR,-13.19416667,33.65666667,2025,01,1146.0
Champiti_Health_Centre,l86AxfTg26J,-14.90241,34.73185,2025,01,2023.0
Chamwabvi_Dispensary,nN7JVSObAf7,-13.195087,33.655657,2025,01,2487.0
Chancellor_College_Clinic_,xt7sSjNqHjP,-15.38533,35.33213,2025,01,6.0
Chandawe_Health_Centre,E7R08ZbjeAt,-13.228351,33.882811,2025,01,1731.0
Chang'ambika_Health_Centre,Ca0b3h49Loo,-15.80301,34.30928,2025,01,1349.0
Changalume_Barracks_Clinic_(Muluzi),lOis6dAt7D0,-15.3896,35.21184,2025,01,4267.0
Changata_Health_Centre,SnNGsSfYB0h,-16.23248,35.14768,2025,01,882.0
Chankhungu_Health_Centre,cZkBc7Ri1HF,-13.76492,34.01471,2025,01,2678.0
Chaone_Health_Centre,AalwV4ZrGDO,-15.125573,35.424026,2025,01,100.0
Chapananga_Health_Centre,T3V75V8sfxa,-16.00551,34.48567,2025,01,634.0
Chasolo_Dispensary,eqOmVn7lock,-13.050903,33.900006,2025,01,1122.0
Chesamu_Health_Centre,zxDIIqsUrk8,-11.85422,34.01836,2025,01,708.0
Chezi_Dispensary,salIVfMt9RA,-13.72553,34.03739,2025,01,1348.0
Chichiri_Escom_Clinic,uMLl8OkWfHS,-15.79342,35.02444,2025,01,0.0
Chichiri_Prison_Clinic,UkdRIbdSZw5,-15.80577,35.03242,2025,01,0.0
Chididi_Health_Centre_(Nkhotakota),RViCF6QIybs,-13.08573,34.31474,2025,01,106.0
Chididi_Health_Centre_(Nsanje),WG3SI4hkJFF,-16.91495,35.17333,2025,01,202.0
Chifunga_Health_Centre,pciHYsH4glX,-15.59825,34.69892,2025,01,711.0
Chigodi_Health_Centre,ShsLuR0OWt2,-14.49194,34.54126,2025,01,370.0
Chikande_Health_Centre,fmvjc3pgmee,-14.77261,34.90768,2025,01,633.0
Chikangawa_Health_Centre,eEEYKm78UBf,-11.84362,33.78759,2025,01,386.0
Chikole_Health_Centre,KjntOeutm1x,-14.422,35.38427,2025,01,401.0
Chikowa_Dispensary,fwew5LFgo0P,-14.959101,34.720365,2025,01,1527.0
Chikowa_Health_Centre_(Blantyre),Keuq4t91SIs,-15.67133,34.87172,2025,01,2596.0
Chikowa_Health_Centre_(Lilongwe),TJjz5jiFlqF,-13.72929,33.45821,2025,01,3714.0
Chikwawa_District_Hospital,JQw6oDs7C6C,-16.0231,34.79346,2025,01,573.0
Chikweo_Health_Centre,teLlh1E6CxB,-14.7655,35.66691,2025,01,1351.0
Chikwina_Health_Centre,QlnCjd3M0E1,-11.39694,34.16973,2025,01,1262.0
Chilambwe_Health_Centre,bNcnSc6bFll,-11.69114,34.31617,2025,01,348.0
Chilanga_Health_Centre,Q6dBdTXnxWu,-13.1026,33.48681,2025,01,1558.0
Chilaweni_Health_Centre,WehVfN1t0Aa,-15.703095,35.044502,2025,01,480.0
Child_Legacy_Health_Centre_(Lilongwe),cPOF4KdmFAR,-14.0685264,33.472115,2025,01,515.0
Chileka_Health_Centre,OXaQtzbzMoy,-15.682466,34.970663,2025,01,1689.0
Chileka_Health_Centre_(Lilongwe),iiBtWzxLMUo,-14.02102,33.38544,2025,01,4995.0
Chileka_Sda_Health_Centre,v0GaaWRKm61,-15.660077,34.929188,2025,01,146.0
Chilengo_Dispensary,WwPvmR6RGUw,-16.136105,35.015899,2025,01,11.0
Chilipa_Health_Centre_(Mangochi),fwUSM7rJllv,-14.6996,34.9732,2025,01,1157.0
Chilipa_Health_Centre_(Zomba),biJPVK5IRJn,-15.32447,35.11715,2025,01,732.0
Chilobwe_Majiga_Health_Centre,Xx5fmiIR0fW,-13.85467,33.37439,2025,01,4405.0
Chilomoni_Health_Centre,DAueKP2YUvT,-15.771294,34.98148,2025,01,210.0
Chilonga_Health_Centre,Px30WvhGQQf,-14.46684,34.87097,2025,01,248.0
Chilumba_Barracks_Health_Centre,Z6krawIPDu7,-10.39021,34.20897,2025,01,423.0
Chilumba_Rural_Hospital,uHPXBdcz85N,-10.43199,34.25193,2025,01,1414.0
Chima_Dispensary,zrabwOPiaCV,-12.085324,34.734633,2025,01,32.0
Chimaliro_Health_Centre,WraUiby57xZ,-15.97706,35.18162,2025,01,273.0
Chimatiro_Health_Centre,Qt4jxB7puZZ,-14.962681,35.023092,2025,01,659.0
Chimbalanga_Health_Centre,JCrM0zdamqT,-13.9358,34.12567,2025,01,1927.0
Chimembe_Health_Centre,ZaZEarjsHQX,-15.777547,34.885395,2025,01,2307.0
Chimoto_Health_Centre,VbO2d6WVW6Q,-14.44268,34.01021,2025,01,1695.0
Chimvu_Health_Centre,G5HX22BSHz2,-15.94198,35.12308,2025,01,84.0
Chimwala_Dispensary,REoFvVbcLG0,-14.05121,33.79419,2025,01,144.0
Chimwamkango_Dispensary,ZOUGIF58iaF,-13.40461,32.99357,2025,01,732.0
Chimwawa_Health_C,IeJAi0sDcso,-15.909166,35.258729,2025,01,25.0
Chingale_Health_Centre,o0hXXoxJnMI,-15.39694,35.1808,2025,01,2235.0
Chingazi_Rural_Hospital,mTERmNgVCmE,-15.91842,35.20595,2025,01,61.0
Chinguluwe_Health_Centre_(Ntchisi),Pl1TeNOgCAr,-13.26166,33.86851,2025,01,2807.0
Chinguluwe_Health_Centre_(Salima),EiQqa3YIjqD,-13.66454,34.38503,2025,01,1180.0
Chinkhande_Health_Centre,bRJ30NqgRUt,-13.466516,33.973818,2025,01,777.0
Chinkhwiri_Health_Centre,RTw32nxbRoB,-13.38557,33.72106,2025,01,1543.0
Chinthebe_Dispensary,P4Z5FpCJ4Ri,-16.00218,35.01294,2025,01,45.0
Chintheche_Rural_Hospital,jkmHTPe5MLQ,-11.82719,34.16836,2025,01,1521.0
Chinthembwe_Health_Centre,QZm8o1i8tW4,-13.43326,33.97527,2025,01,624.0
Chinyama_Dispensary,dCOqnRxMAXD,-12.978284,33.8058694,2025,01,1277.0
Chinyama_Health_Centre,TxWRIMbBOpS,-16.15665,35.34094,2025,01,2634.0
Chiole_Dispensary,jnrlLIULfCR,-14.79743,34.64265,2025,01,39.0
Chioshya_Health_Centre,RNuiMEnAfC1,-13.795993,33.175152,2025,01,3057.0
Chipande_Health_Centre,PD8A1WLrQdo,-15.66774,35.09414,2025,01,0.0
Chipho_Health_Centre,xJQqTtpdsHP,-16.171528,35.110222,2025,01,569.0
Chipini_Health_Centre,imXmafCgb5n,-15.39007,35.09531,2025,01,99.0
Chipoka_Health_Centre,wrDImy8FHpR,-13.98973,34.51545,2025,01,2589.0
Chiponde_Dispensary_(Mangochi),VphQvehsaVR,-14.37341,35.6017,2025,01,369.0
Chipumi_Health_Centre,eNs19G9xMyc,-13.625294,33.081532,2025,01,2925.0
Chipwaila_Health_Centre,pkMXL4XF9ie,-16.39842,34.77572,2025,01,1239.0
Chipwanya_St_Josephs_Health_Centre,WiVCsIgUw2D,-14.07547,34.2536,2025,01,674.0
Chiradzulu_District_Hospital,lsrGqZfICKm,-15.71072,35.17419,2025,01,2624.0
Chirimba_Health_Centre,tDldFfYwnS1,-15.746368,35.022984,2025,01,233.0
Chiringa_Health_Centre_(CHAM),pmteRCqzbeC,-15.76583,35.76216,2025,01,81.0
Chiringa_Maternity,sqMFC2sNuGZ,-15.77213,35.76965,2025,01,23.0
Chisala_Health_Centre,QX85XzKEJjg,-11.57458,34.12201,2025,01,798.0
Chisamba_Health_Centre,u4rZsnqp9bD,-13.784275,34.400132,2025,01,599.0
Chisansu_Health_Centre,u57H3XRjoRa,-9.730938,33.454279,2025,01,321.0
Chisepo_Health_Centre,pw9cneMv5fA,-13.63492,33.47017,2025,01,3002.0
Chisi_Health_Centre,rtb22Ro8Gez,-15.32562,35.60506,2025,01,1392.0
Chisimuka_Health_Centre,AMklHWTt6sX,-10.76924,33.55751,2025,01,686.0
Chisitu_Health_Centre,PWPeexIOdmn,-16.00103,35.4326,2025,01,365.0
Chisoka_Health_Centre,T3MNLfsBtT4,-15.94181,35.20879,2025,01,438.0
Chitala_Health_Centre,d92FGpiO9lP,-13.67161,34.27174,2025,01,164.0
Chitedze_Health_Centre,Xc3odqjv7h0,-13.97684,33.64529,2025,01,1548.0
Chitekesa_Health_Centre,u4mqH5iShLL,-15.55218,35.57244,2025,01,312.0
Chitera_Health_Centre,mxsHHN4zZft,-15.60646,35.12306,2025,01,1209.0
Chitheka_Health_Centre,Sf6KvkaT3UQ,-11.70191,33.95147,2025,01,662.0
Chithumba_Health_Centre,KkApQFpVIaQ,-15.80369,34.47629,2025,01,740.0
Chitimba_Health_Centre,rdHVTY312fc,-10.59808,34.17026,2025,01,708.0
Chitipa_District_Hospital,qzGX4XdWufs,-9.70159,33.2659,2025,01,2291.0
Chitowo_Health_Centre,b3OduOhZKuu,-14.22584,34.03961,2025,01,2298.0
Chiumbangame_Dispensary,ybAxvKHkzhK,-14.31739,35.55721,2025,01,295.0
Chiunda_Dispensary,y87TEluIKWT,-14.77744,35.43901,2025,01,380.0
Chiunjiza_Health_Centre,HTfgCPyMHUx,-14.24322,33.4013,2025,01,3340.0
Chiwamba_Health_Centre,RDvTBoMA8m4,-13.8571,33.92926,2025,01,4301.0
Chiwe_Health_Centre,vCGIve5RtyE,-13.90738,33.39862,2025,01,341.0
Chiwoza_Health_Centre,ivq1pAeZs5o,-14.08602,33.686271,2025,01,2664.0
Chiyendausiku_Health_Centre,HrQHweMv09u,-15.01855,35.07653,2025,01,428.0
Chizolowondo_Health_Centre,e1HOrMxNhpf,-13.46336,33.51328,2025,01,984.0
Chizumulo_St_Marys_Health_Centre,XXjX57Xslam,-12.02934,34.62425,2025,01,61.0
Choma_Health_Centre,cIJ6LCvgpw0,-11.31318,33.99327,2025,01,1681.0
Chombe_Dispensary,jEytE0lhKjS,-11.648044,34.213834,2025,01,1029.0
Chonde_Rural_Hospital,TusMbw27jzb,-15.99708,35.32333,2025,01,767.0
Chongoni_Health_Centre,LkjXIWw5W9v,-14.31971,34.26677,2025,01,139.0
Chulu_Health_Centre,n18VsHigwU8,-12.82192,33.30816,2025,01,4750.0
Chuluchosema_Health_Centre,dXMVNUTar8Q,-15.4429457,35.3669177,2025,01,380.0
City_Clinic_Zomba,DMxPrQcg4z4,-15.39072,35.32416,2025,01,471.0
Cobbe_Barracks_Hospital,rzzi29nBvbs,-15.39094,35.30534,2025,01,1116.0
Comfort_Health_Centre,JaTdpYBBV5m,-15.00318,34.95244,2025,01,375.0
Daeyang_Luke_Hospital,LKsJWFXsxOB,-13.87684,33.80867,2025,01,491.0
David_Gordon_Memorial_Hospital_(Livingstonia_Mission_Hospital),FoWBNiRRWnB,-10.60467,34.1109,2025,01,1145.0
Dedza_District_Hospital,K5sEB29YW3W,-14.38596,34.33547,2025,01,738.0
Diamphwe_Health_Centre,BWBOtEvaMkr,-14.13232,34.08124,2025,01,2628.0
Dickson_Health_Centre,aKJzwDfSJqM,-14.26626,33.65885,2025,01,2306.0
Didi_Health_Centre,AkP3EOq0hGk,-16.06096,34.98999,2025,01,638.0
Dolo_Health_Centre,SOwb9qUKJnt,-16.55349,34.92423,2025,01,83.0
Domasi_Rural_Hospital,U0YwDhBOZeY,-15.28099,35.39935,2025,01,2835.0
Doviko_Dispensary,kG4jZtoHH8f,-15.0822,34.59094,2025,01,286.0
Dowa_District_Hospital,F4aQvPL4c5a,-13.65432,33.93625,2025,01,4297.0
Dr_David_Livingstone_Memorial_Clinic,KvtV3ZtJGyR,-13.98173,33.78813,2025,01,2.0
Dwambazi_Rural_Hospital,GFQSwXAzql8,-12.23405,33.99194,2025,01,1239.0
Dwangwa_Cane_Growers_Limited_Dispensary,w6VRxc89b5K,-12.52114,34.1191,2025,01,415.0
Dwangwa_Health_Centre,n89uKexauZq,-12.88142,33.4537,2025,01,1601.0
Dzaleka_Refugee_Camp_Health_Centre,b1RogeavIPD,-13.66168,33.87042,2025,01,3114.0
Dzenje_Health_Centre,nMp06ehwoOX,-16.11695,35.40558,2025,01,1629.0
Dzenza_Health_Centre,hpUbeZgjQkx,-13.87598,33.74689,2025,01,52.0
Dzimbiri_Dispensary,phlM33pe5Bz,-16.102022,34.99722,2025,01,0.0
Dzindevu_Health_Centre,QL1C4nvZVLn,-14.20004,34.35998,2025,01,265.0
Dziwe_Health_Centre,axZoBBHwZo2,-15.102454,35.140784,2025,01,249.0
Dziwe_Health_Centre_(Blantyre),hnbxxugq3Ds,-15.563612,34.88037,2025,01,3390.0
Dzonzi-Mvai_Health_Centre,fH7hgQtTEvy,-14.94827,34.64306,2025,01,5.0
Dzoole_Health_Centre,lykzV97DJgq,-13.58537,33.66156,2025,01,2793.0
Dzunje_Dispensary,mxlb6XxX6cp,-14.80787,34.73608,2025,01,1545.0
Edingeni_Rural_Hospital,gWTmNAQxkV8,-12.04072,33.31295,2025,01,1716.0
Ehehleni_Dispensary,RdbkvuyiIKf,-12.2621,33.58912,2025,01,1681.0
Ekwaiweni_Health_Centre,AlGl0pjBwFS,-11.42309,33.89766,2025,01,1178.0
Ekwendeni_College_of_Health_Science,RddujnZHyfx,-11.374623,33.8786,2025,01,13.0
Ekwendeni_Mission_Hospital,jcv5nI6bzTq,-11.37156,33.88342,2025,01,640.0
Embangweni_Mission_Hospital,ySElKKfe6yc,-12.13665,33.47681,2025,01,615.0
Emfeni_Health_Centre,ihG7TCzUsYI,-12.59406,33.60976,2025,01,2840.0
Emsizini_Health_Centre,HFKrnnX40ZR,-11.44435,33.82485,2025,01,1609.0
Endindeni_Health_Centre,J3iNTezM5iw,-11.75818,33.5561,2025,01,932.0
Engalaweni_Health_Centre,zgUEtAzpJLy,-11.908296,33.365893,2025,01,102.0
Engucwini_Health_Centre,Tt5yMX4YCYJ,-11.19761,33.82314,2025,01,1044.0
Enukweni_Health_Centre,nmptn9bUYXv,-11.18005,33.88592,2025,01,1245.0
Enukweni_Mission_Health_Centre,OvpduRMmYdH,-11.18005,33.88592,2025,01,231.0
Euthini_Rural_Hospital,a7zgH8mf2GX,-11.45836,33.41925,2025,01,2096.0
Eva_Demaya_Centre_,crKYTgv7r7B,-10.96002,33.64862,2025,01,83.0
Factory_Clinic_(Illovo_Private),qhmT1RSZunv,-16.25773,34.89181,2025,01,11.0
Fanuel_Dispensary,faV6jPVs9bj,-13.504399,33.036243,2025,01,1382.0
Fpam_Clinic_Kawale,xH7lnew9T1J,-13.99076,33.79949,2025,01,7.0
Fulirwa_Health_Centre,UNLZJ1Nr3sq,-10.44772,34.11211,2025,01,414.0
Gaga_Health_Centre,ilA4dQOCNDP,-15.80678,34.36487,2025,01,1198.0
Ganya_Health_Centre,eWHvY4VmR4R,-14.60964,34.61808,2025,01,39.0
Gate_way_Clinic,rBhHYqxxhyM,-15.804572,35.017828,2025,01,178.0
Gawanani_Health_Centre,GEb1hObhM4q,-15.2238,35.20293,2025,01,540.0
Gogo_Nazombe_health_centre,cTMzhKP8OCf,-15.75233,35.77498,2025,01,775.0
Gogode_Health_Centre,HcsIEmls8R2,-12.88773,33.56134,2025,01,1504.0
Gola_Dispensary,u4cfHib3TrT,-15.88397,34.29931,2025,01,658.0
Golomoti_Health_Centre,DuvCctg3dhx,-14.41303,34.60092,2025,01,1499.0
Gombe_Health_Center,fCCBqUju3Q4,-16.38347,35.23061,2025,01,1189.0
Gowa_Health_Centre,LDtggHdyRks,-14.69897,34.58992,2025,01,1037.0
Grace_Health_Centre,v1vDgkOvZ0w,-13.762986,34.208915,2025,01,577.0
Guilleme_St_Michaels_Mission_Hospital,oT0jXXNSmag,-13.88998,33.07557,2025,01,737.0
Gumba_Dispensary,qUpaRCpnoux,-13.42125,33.11137,2025,01,1513.0
H_Parker_Sharp_Health_Centre,KhuXq8PnptT,-15.29912,35.36092,2025,01,479.0
Hallena_Oakely_Health_Centre,v6gj70cBiQE,-16.12668,35.08457,2025,01,121.0
Hara_Dispensary,T13U7sHC0v2,-10.48876,34.16939,2025,01,436.0
Hoho_Health_Centre,ypiAvIrP9U6,-12.27815,33.6864,2025,01,1931.0
Hope_Clinic,SPMuhBNeqHY,-13.76214,34.42199,2025,01,333.0
Hora_Health_Centre,GCeBJJyoRl0,-11.645009,33.651632,2025,01,508.0
Iba_Dispensary,FZw4GOFV5X0,-14.30711,35.39707,2025,01,474.0
Ifumbo_Health_Centre,LLnCuwo5RNG,-9.60436,33.40495,2025,01,51.0
Iponga_Health_Centre,tyuN9XbfRHQ,-9.64605,33.81253,2025,01,1509.0
Jalasi_Health_Centre,s935PXX4rN2,-14.36298,35.44253,2025,01,1115.0
Jalawe_Health_Centre,rWDOWogc1O7,-10.73052,34.16172,2025,01,1874.0
Jenda_Health_Centre,Mf6Xg1PJ7hC,-12.35206,33.54755,2025,01,3200.0
Kabudula_Rural_Hospital,O6y74hiWU9z,-13.81972,33.44838,2025,01,6115.0
Kabuwa_Health_Centre,ZDj4Y2Flile,-12.51726,34.07395,2025,01,1012.0
Kabwafu_Health_Centre,sZJvRZgWusR,-11.30869,33.52556,2025,01,1098.0
Kachere_Clinic,YdzniMkRxYE,-14.005039,33.817265,2025,01,189.0
Kachere_Health_Centre,veqbrdZo1K1,-12.00327,34.04961,2025,01,628.0
Kadango_Dispensary,IRP5VaILlSr,-14.06223,35.18629,2025,01,269.0
Kadidi_Health_Centre,cLY2A4m8Jn0,-15.66083,35.02212,2025,01,1579.0
Kafele_Health_Centre,LGvOkReAslr,-14.43168,33.71746,2025,01,2319.0
Kafukule_Health_Centre,U0T5lPrgVEY,-11.4575,33.63395,2025,01,825.0
Kaigwazanga_Health_Centre,fELrRZgvyHN,-13.626766,32.928289,2025,01,3833.0
Kakoma_Health_Centre,sYY0PQEhVU1,-16.09819,34.62398,2025,01,501.0
Kakwale_Health_Centre,fhlpdEEnGrQ,-12.489228,33.571168,2025,01,2944.0
Kalemba_Health_Centre,OyDhmxtA7nb,-16.57572,35.11207,2025,01,85.0
Kalembo_Health_Centre,KNQ4RzNnZ6v,-14.84268,35.17081,2025,01,409.0
Kalikumbi_Health_Centre,ZROS5WSviIN,-12.2038,33.33352,2025,01,197.0
Kalinde_Health_Centre,uzaw4ubBdwd,-15.67187,35.72838,2025,01,268.0
Kalulu_Clinic_(Illovo_Private),sXL607jX6A9,-16.24144,34.91164,2025,01,11.0
Kalulu_Health_Centre,a8NnsOmXWK7,-13.99695,34.19753,2025,01,1457.0
Kaluluma_Rural_Hospital,BOEaJ4eqVC9,-12.57759,33.51859,2025,01,3436.0
Kambenje_Health_Centre,UzxhcPn4QZG,-15.85308,35.56394,2025,01,1544.0
Kamboni_Health_Centre,cez54P9k6OJ,-13.30759,33.18189,2025,01,1422.0
Kameme_Health_Centre,gil9su99LXX,-9.54425,33.13134,2025,01,330.0
Kampanje_Maternity,AzbGHKq4K1A,-14.59947,34.58684,2025,01,142.0
Kamsonga_Health_Centre,m9IaQF4jaPL,-13.27411,33.79949,2025,01,5055.0
Kamteteka_Health_Centre,QM6V7PDrfLM,-11.83649,33.35892,2025,01,1499.0
Kamuzu_Barracks_Dispensary,P6q5ZIrXGAM,-13.98131,33.82105,2025,01,116.0
Kamwe_Health_Centre,ncumVqRrCMN,-11.10265,33.78911,2025,01,355.0
Kande_Health_Centre,zA0iPC953jV,-11.93641,34.10944,2025,01,1285.0
Kandeu_Health_Centre,QIjZYskL19K,-14.60262,34.61621,2025,01,1352.0
Kang'oma_Health_Centre,o1ZjuUmv5aQ,-13.97817,33.88219,2025,01,2659.0
Kangolwa_Health_Centre,OZNe80Ws0on,-13.37046,34.07048,2025,01,2727.0
Kanjedza_Police__Clinic,Phf46V2Gghq,-15.815721,35.048525,2025,01,25.0
Kankao_Health_Centre,HmTVrgdnucu,-15.05425,34.92264,2025,01,331.0
Kanyama_Health_Centre,UwBTf92fAib,-14.24015,34.32356,2025,01,168.0
Kanyerere_Health_Centre,wczXmln9Mz9,-10.76924,33.55751,2025,01,345.0
Kanyezi_Health_Centre,U6sLs3tOzpC,-14.31391,33.95303,2025,01,1924.0
Kaongozi_Dispensary,eK4PmFIrpY5,-12.43665,34.04998,2025,01,1537.0
Kapanga_Health_Centre,H2ErYfEdioK,-14.059995,33.306308,2025,01,2336.0
Kapelula_Health_Centre,dy2GeuSwyIq,-12.87767,33.87086,2025,01,5083.0
Kapenda_Health_Centre,NItIjAcYO8y,-9.49394,33.24911,2025,01,45.0
Kapeni_Health_Centre,D9w3urb7GKR,-15.00511,34.77059,2025,01,755.0
Kaphatenga_Health_Centre,yM9bkHicOua,-13.76222,34.38418,2025,01,163.0
Kaphuka_Health_Centre,wGMlG6WZZ4q,-14.16013,34.19001,2025,01,1227.0
Kapire_Health_Centre,bOzeauFIWQA,-14.78576,34.99945,2025,01,483.0
Kapiri_Health_Centre_(Nkhotakota),sQnNX5Nbvu7,-13.21616,34.31136,2025,01,166.0
Kapiri_Mission_Hospital,ekYnKIXnPPj,-13.56214,33.17383,2025,01,1399.0
Kaporo_Rural_Hospital,mqNSnMB7fgW,-9.76756,33.87466,2025,01,2075.0
Kapyanga_Health_Centre,D7QhLNJChdq,-12.82425,33.787522,2025,01,1742.0
Karonga_District_Hospital,tjHJZDgKu6q,-9.95545,33.91113,2025,01,955.0
Kasalika_Dispensary,TrYObnlA8UT,-13.03985,33.49866,2025,01,1265.0
Kasembereka_Health_Centre,nWuBchw9R6C,-16.12131,35.09902,2025,01,70.0
Kasese_Health_centre,JX6hyvnBrlF,-13.33338,33.57629,2025,01,2021.0
Kaseye_Mission_Hospital,mTqGek9GBbM,-9.66644,33.37361,2025,01,220.0
Kasina_Health_Centre,PCWfXe1C9hK,-14.143,34.13183,2025,01,822.0
Kasinje_Health_Centre,kW3Ro43YXwB,-14.52315,34.67642,2025,01,803.0
Kasitu_Dispensary,qX2CrzT4TL1,-12.30938,34.0343,2025,01,199.0
Kasoba_Health_Centre,VDMYQuQPz2N,-9.87355,33.86972,2025,01,895.0
Kasungu_District_Hospital,wNoaGHOI6Zl,-13.03579,33.48041,2025,01,3365.0
Katawa_Health_Centre,vvgvKSNrelJ,-13.71314,34.31801,2025,01,184.0
Katchale_Health_Centre,SUO29yrjbH4,-14.2836,33.90782,2025,01,3461.0
Katema_Health_Centre,gNaXoVYpN1v,-14.52563,35.03761,2025,01,589.0
Katete_Community_Hospital,YABJoiuXQMB,-12.34592,33.61421,2025,01,1052.0
Katimbira_Health_Centre,Fz0tDlXVsn3,-12.75694,34.21737,2025,01,224.0
Katowo_Rural_Hospital,TgIZdG9r95r,-10.81278,33.52222,2025,01,1970.0
Katsekera_Health_Centre,Mby0tOuLfvm,-15.03336,34.64072,2025,01,145.0
Katuli_Health_Centre,fA8higAcbmz,-14.17962,35.44476,2025,01,1200.0
Kaundu_Health_Centre,H0sBidyA6PK,-14.29368,34.62839,2025,01,133.0
Kavuzi_Cumnock,vCIQ1SbW5X4,-11.67441,34.08166,2025,01,410.0
Kavuzi_Health_Centre,g7LNUVG1pQA,-11.93641,34.08166,2025,01,788.0
Kawalazi_Plantation_Clinic,UT6ad8gmKjC,-11.64406,34.10983,2025,01,850.0
Kawale_Urban_Health_Centre,d1WQftQ87x3,-13.99175,33.79757,2025,01,352.0
Kawamba_Health_Centre,flfOvLzldtj,-13.29575,33.3393,2025,01,1807.0
Kaweche_Health_Centre,BRvHol84T4Q,-11.340424,33.866056,2025,01,2137.0
Kawinga_Dispensary,ozdBwLyST0J,-14.85468,35.57198,2025,01,1183.0
Kayelekera_Health_Centre,gUUDKKk5DPr,-9.967577,33.684333,2025,01,826.0
Kayembe_Health_Centre,HYqblaD619d,-13.64256,33.58301,2025,01,1295.0
Kazyozyo_Health_Centre,q4bVkSStlsm,-13.575413,32.863752,2025,01,2253.0
Khanda_Health_Centre,Bg5ydja7hGX,-15.381515,35.5116866,2025,01,558.0
Khola_Health_Centre,PYQecgNXvAc,-13.34447,33.31649,2025,01,1092.0
Khombedza_Health_Centre,XcRAuC6ZPi0,-13.59695,34.31111,2025,01,1103.0
Khondowe_Health_Centre,OxWyNMOFrbv,-11.07281,34.21939,2025,01,151.0
Khongoni_Health_Centre,W8j3MAkrJe4,-13.77451,33.36761,2025,01,3632.0
Khonjeni_Health_Centre,UkXVvwCLQgO,-16.09692,35.27129,2025,01,2655.0
Khosolo_Health_Centre,GVweqBeEYdR,-12.4402,33.79133,2025,01,2830.0
Khungulu_Health_Centre,OJZfqWtdA8O,-13.2512161,34.3015278,2025,01,2622.0
Khuwi_Health_Centre,RgHJHBTtszj,-13.43192,33.83367,2025,01,4009.0
Khuyukuyu_Health_Centre,q0KYGiBsenN,-11.22183,33.91461,2025,01,1327.0
Koche_Community_Hospital,O65d1uI6NGP,-14.33343,35.14335,2025,01,74.0
Kochilira_Rural_Hospital,sxgy4P0oUli,-13.78239,33.04385,2025,01,5168.0
Kukalanga_Health_Centre,QOSmQ9gyzBp,-14.63744,35.18031,2025,01,319.0
Kunenekude_Health_Centre,tB6qZOxpIwC,-15.46467,34.49142,2025,01,3133.0
Kwitanda_Health_Centre,Z8EORvXbL8x,-15.06495,35.093,2025,01,205.0
Lakeview_Health_Centre,s0oVNR4X97p,-14.64251,34.55371,2025,01,40.0
Lambulira_Health_Centre,fDKWlLdMpdy,-15.4841,35.337,2025,01,2564.0
Lemwe_Health_Centre,HRNjqusGvXx,-13.88525,33.34328,2025,01,3143.0
Lengwe_Clinic_(Illovo_Private),bvTUezQA0ui,-16.20038,34.7997,2025,01,33.0
Lifeline_Health_Centre,IxcEPNvhmZx,-14.09219,34.54437,2025,01,248.0
Lifuwu_Health_Centre,BFn8OYQ5lyA,-13.67915,34.58878,2025,01,578.0
Ligowe_Dispensary,gA0WGnhCnYt,-15.47368,34.65182,2025,01,1678.0
Likangala_Health_Centre,LBeMMNRQSoU,-15.42787,35.54461,2025,01,840.0
Likuni_Mission_Hospital,JquLSZgkHQ8,-14.02683,33.70886,2025,01,1036.0
Lilongwe_City_Assembly_Chinsapo_,m6bNWBsRDsi,-14.01331,33.73171,2025,01,593.0
Limbe_Health_Centre,KVxcc4baK2p,-15.816967,35.051775,2025,01,283.0
Linyangwa_Health_Centre,z9yDHU0ZYQd,-13.14379,33.3005,2025,01,1487.0
Lirangwe_Health_Centre,ZUMSlT5ZDCE,-15.529384,35.029841,2025,01,3710.0
Lisungwi_Community_Hospital,jBJ1nrUXKIu,-15.43557,34.77838,2025,01,991.0
Liuzi_Health_Centre,HYxgXNwy8Wn,-12.18971,34.01572,2025,01,508.0
Livulezi_Health_Centre,eDs5Eb9rSl4,-14.85176922,34.74434966,2025,01,330.0
Livwezi_Health_Centre,p4eKC1ZsXQ4,-12.893592,33.679487,2025,01,3077.0
Liwaladzi_Health_Centre,TwUljmbTv4b,-12.62054,34.16538,2025,01,230.0
Liwonde_Medical_Clinic,pri4uEfpoMg,-15.06782,35.22473,2025,01,65.0
Lizulu_Health_Centre,yZVsJTXGxyZ,-14.51775,34.46547,2025,01,288.0
Lobi_Health_Centre,yEDgnTigUVO,-14.39034,34.07182,2025,01,1471.0
Lodjwa_Health_Centre,MrIB1LvLmRs,-12.41898,33.52947,2025,01,2174.0
Ludzi_St_Joseph's_Mission_Hospital,L42aUTBuigK,-13.75862,32.99271,2025,01,558.0
Lugola_Health_Centre,AcMkv28WWEO,-13.96144,35.14285,2025,01,278.0
Lujeri_Health_Centre,QmGoFNWfUFa,-16.02826,35.65517,2025,01,1480.0
Lulanga_Health_Centre,iIwqmezZ9rs,-13.68744,34.91742,2025,01,233.0
Lulwe_Health_Centre,ftIjkXg1oCr,-17.08765,35.11415,2025,01,14.0
Lumbadzi_Health_Centre,UrNi47KXEKp,-13.77074,33.80477,2025,01,3835.0
Lundu_Health_Centre,j94m3pNGJLw,-15.421776,35.01282,2025,01,1646.0
Lungwena_Health_Centre,VdDtiG3fZ9A,-14.24501,35.24804,2025,01,592.0
Lunjika_Health_Centre,ssMcu8y2Kf3,-11.71451,33.6858,2025,01,581.0
Lupembe_Health_Centre,haaT3dJc33b,-10.06628,33.98778,2025,01,257.0
Lura_Health_Centre,E1n8QFnk7M2,-10.72638,34.04408,2025,01,2522.0
Luvwere_Dispensary,qY3GH22ifOb,-11.38921,33.6729,2025,01,712.0
Luwalika_Health_Centre,qBxArP5yT1I,-14.23797,35.46952,2025,01,234.0
Luwani_Health_Centre,y3FF95NnZzl,-15.47981,34.74241,2025,01,669.0
Luwawa_Health_Centre,qRO40W7cmWx,-12.11337,33.71943,2025,01,459.0
Luwerezi_Health_Centre,upbCscjsSDs,-12.48825,33.64119,2025,01,4969.0
Luwuchi_Health_Centre,Ie6bXE64qOA,-10.68353,34.19353,2025,01,423.0
Luzi_Health_Centre,p9HxhQYtEuW,-10.99681,33.95583,2025,01,320.0
Lwazi_Health_Centre,h7qFHIsVs04,-11.51864,34.15115,2025,01,254.0
Lwezga_Health_Centre,eXttdubBDLr,-10.56692,34.17943,2025,01,634.0
M'mambo_Heaith_Centre,PFhr83vxGgZ,-15.26264,35.15945,2025,01,1775.0
MDF_Secondary_School_Clinic,ECwzZkt3Rop,-15.7013,35.00832,2025,01,50.0
Mabili_Health_Centre,vv5AP3nMhAz,-12.24624,33.43,2025,01,707.0
Machinga_District_Hospital,HN3xPrwEli4,-15.06229,35.2263,2025,01,2289.0
Machinga_Health_Centre,cYYZv88xBL6,-15.1773,35.29565,2025,01,3019.0
Machinjiri_Health_Centre,LtrODoKSSgr,-15.23666,35.41707,2025,01,1786.0
Madede_Health_Centre,p3frzwQQnXF,-11.53894,33.29456,2025,01,1648.0
Madisi_Mission_Hospital,g9wv1lKcdzp,-13.40712,33.60813,2025,01,489.0
Madziabango_Health_Centre,JA9Ekal0Y2p,-15.967751,34.908224,2025,01,1837.0
Maera_Health_Centre,gSVQoPw8dRz,-15.50987,35.1315,2025,01,2455.0
Mafco_Health_Centre,ael27YuIvji,-13.78419,34.60338,2025,01,226.0
Maganga_Health_Centre,NPgTh8ar7Rg,-13.84681,34.5591,2025,01,92.0
Magareta_Health_Centre,NFqFeBSH2Re,-15.55083,34.62836,2025,01,880.0
Magomero_Dispensary,trXyKw0TG5U,-14.37970566,34.30903158,2025,01,1341.0
Magomero_Health_Centre,MfSWVpArbHS,-15.56147,35.26101,2025,01,329.0
Mahowe_Health_Centre,TkKOmywmjVx,-10.183192,33.690349,2025,01,1429.0
Majete_1_(Hunger)_Health_Centre,HHK489bchmI,-16.27045,34.86368,2025,01,447.0
Majete_2_(Hunger)Health_Centre,Tqy9Hzt0HYy,-16.020747,34.525114,2025,01,1294.0
Majete_3_(Hunger)Health_Centre,vZcq1BL4eig,-16.020747,34.525114,2025,01,289.0
Majete_5_(Hunger)_Health_Centre,pAcAZjy2228,-15.873873,34.767251,2025,01,176.0
Majete_6_(Hunger)_Health_Centre,cTyIAdMgNvg,-16.156663,34.712992,2025,01,57.0
Makanjira_Health_Centre,ogCJRAEA06f,-13.71591,35.04704,2025,01,961.0
Makapwa_Health_Centre,a6SFNf7F567,-16.18199,35.27984,2025,01,513.0
Makata_Health_Centre,eZfOjVQcd0e,-15.62996,35.07964,2025,01,1964.0
Makhetha_Dispensary,tCNxro4FiTA,-15.783601,35.069582,2025,01,137.0
Makhwira_Health_Centre,fmm167XcK2T,-16.19483,35.01065,2025,01,473.0
Makina_Health_Centre,qWZcRR81Nvd,-15.5167921,35.5990934,2025,01,357.0
Makiyoni_Health_Centre,H37Fo6H2Roi,-13.58599,34.197,2025,01,1053.0
Makungwa_Health_Centre_(Bvumbwe),q3B88KiRZ72,-15.93981,35.02633,2025,01,1453.0
Makwapala_Health_Centre,ctDR10R37Rw,-15.36938,35.4506,2025,01,1589.0
Makwasa_Estate_Clinic,joh9QZI3a96,-16.19476,35.10564,2025,01,196.0
Malabada_Health_Centre,SsBkD3XDOD7,-15.767722,35.044791,2025,01,12.0
Malambo_Health_Centre,kcEdNoW9QOb,-13.21307,33.76244,2025,01,1754.0
Malamulo_Mission_Hospital,UKeSrLQeuCm,-16.17155,35.11011,2025,01,1451.0
Malembo_Health_Centre,UKbySUaELNM,-14.23628,34.82524,2025,01,132.0
Malembo_Health_Centre_(Lilongwe),tOaGG2xPLDm,-13.62006,33.41507,2025,01,3035.0
Malidadi_Health_Centre,BvmZAEbFgHw,-11.22926,33.49989,2025,01,478.0
Malindi_Dispensary,O4mR8q2NRlF,-13.395518,34.208982,2025,01,733.0
Malingunde_Health_Centre,lP4THWArWA7,-14.16887,33.6397,2025,01,724.0
Malombe_Health_Centre,n9kEwAvGSIu,-14.6305,35.34912,2025,01,619.0
Malomo_Health_Centre,mxfexio2lQ4,-13.14861,33.83927,2025,01,6679.0
Malowa_Health_Centre,rKEqKuoGeKQ,-13.1816,34.25165,2025,01,1019.0
Malukula_Health_Centre,dOgr5wPfLaq,-14.44362,35.35582,2025,01,203.0
Maluwa_Health_Centre,LL3TLeE40xi,-14.26287,33.87364,2025,01,851.0
Mama_Khadija_Health_Centre,xdPgIAQLQ6L,-14.3708,35.49405,2025,01,62.0
Mangamba_Health_Centre,zt2Jzw6wUcc,-14.79145,35.43652,2025,01,1267.0
Mangochi_District_Hospital,vGbcjNT1TSJ,-14.48191,35.26527,2025,01,702.0
Mangunda_Health_Centre,jkGTBAmFE1b,-16.02884,35.26166,2025,01,408.0
Manjawira_Health_Centre,FPDJqyOOb4I,-15.00254,34.85709,2025,01,1090.0
Manolo_Health_Centre,YpAyWUsXP6l,-11.250767,33.439585,2025,01,859.0
Manyamula_Health_Centre,nDmSqHjGoHc,-11.94005,33.43945,2025,01,2369.0
Maonde_Health_Centre,YK6aK071R8v,-14.4057,34.11592,2025,01,208.0
Mapanga_Health_Center,XrE6S137IUq,-16.03764,35.01675,2025,01,1774.0
Maperera_Health_Centre,NlBOlQkhfk5,-16.10534,34.9157,2025,01,359.0
Maravi_Health_Centre,Ljx0uViQtRg,-15.83686,35.14867,2025,01,340.0
Mary_Lou_Clinic,hUwwnJILHdu,-14.110214,34.52324,2025,01,497.0
Masasa_Health_Centre,oAX2IuKUC7A,-14.4334,34.42243,2025,01,449.0
Mase_Health_Centre,c8uCPvKeeEM,-14.58096,35.36386,2025,01,103.0
Masenjere_Health_Centre,hj7sZWYuxTM,-16.33721,35.09671,2025,01,1439.0
Matanda_Health_Centre,iVOnl6X10Ym,-15.10516,34.66845,2025,01,255.0
Matandani_Health_Centre,JKAFWLrwdji,-15.33071,34.65321,2025,01,2194.0
Matapila_Health_Centre,nyBn1aFSTnl,-14.01108,33.97509,2025,01,2697.0
Matawale_Urban_Health_Centre,yREVcFcXe3h,-15.39029,35.35958,2025,01,1342.0
Matekenya_Health_Centre,jeNQSrVSj0c,-13.564647,34.047714,2025,01,793.0
Matiki_Health_Centre,bfDs0dTM81U,-12.49874,34.15464,2025,01,256.0
Matiya_Health_Centre,omQ3TWOHcDR,-15.53371,35.5478,2025,01,91.0
Matope_Health_Centre,GjNQ12Y2l0F,-15.3537,34.94732,2025,01,805.0
Matuli_Health_Centre,WIiA3ENQI5A,-11.48513,33.89613,2025,01,1394.0
Matumba_Health_Centre,I5QjWlvvwsI,-14.37283,33.90594,2025,01,2212.0
Maula_Health_Centre,W423FAKdyEK,-11.73518,34.23514,2025,01,643.0
Mauwa_Health_Centre,F6BWHBSv59O,-15.65283,35.2498,2025,01,1344.0
Mayaka_Health_Centre,JQgSk2DFvqZ,-15.57355,35.3728,2025,01,985.0
Mayani_Health_Centre,U3ExHCyHDEZ,-14.09697,34.24281,2025,01,1627.0
Mbabvi_Health_Centre,rwyqKbu6sVj,-13.92808,33.67087,2025,01,4410.0
Mbalachanda_Health_Centre,aLanDLYSxOP,-11.35738,33.37133,2025,01,2132.0
Mbalama_Health_Centre,bH9LR1iMj5b,-14.71431,35.498909,2025,01,520.0
Mbalanguzi_Dispensary,gRtggG07luV,-16.251,35.16672,2025,01,33.0
Mbang'ombe_1_Health_Centre,AsETHxlmpIL,-13.73673,33.71382,2025,01,3036.0
Mbang'ombe_2_Health_Centre,rX8JkNx4U0A,-14.16945,33.37942,2025,01,3444.0
Mbanila_Health_Centre,ELXUlTxf8K3,-14.975262,35.598659,2025,01,955.0
Mbayani_Health_Center,ojywW0LnOe6,-15.765569,35.004616,2025,01,257.0
Mbenje_Health_Centre,GMxiZxppgwD,-16.99464,35.22079,2025,01,333.0
Mbera_Health_Centre,vHwtNk0Bvmi,-14.91088,35.05326,2025,01,384.0
Mbingwa_Health_Centre,rpW9v5wCsE6,-13.54425,33.51485,2025,01,2305.0
Mbiza_Health_Centre,dmGyp0vetoz,-16.0929,35.34602,2025,01,3081.0
Mbonechera_Health_Centre,iTzui2UcI8o,-14.88932,35.47818,2025,01,638.0
Mbulumbudzi_Health_Centre,SrQ8y7MhCE6,-15.63834,35.15687,2025,01,852.0
Mbwatalika_Health_Centre,KRmwm560Ldo,-14.00387,33.5507,2025,01,164.0
Mchima_Clinic,HC3bsEmqOGP,-16.11388,35.14018,2025,01,435.0
Mchinji_District_Hospital,dFFBYFnomxH,-13.80273,32.88716,2025,01,85.0
Mchoka_Health_Centre,c6WcEY1TXnq,-13.92593,34.48984,2025,01,736.0
Mdeka_Health_Centre,fQCAaNl0UMA,-15.468134,34.942566,2025,01,1146.0
Mdeza_Dispensary,jJwUNjSxgTS,-14.23517,33.9677,2025,01,27.0
Mdunga_Heallth_Centre,H3xKaK0d3or,-12.9931,33.8519,2025,01,3245.0
Mehboob_Health_Centre,V9Zm1LU1stx,-14.3635709,35.1666522,2025,01,173.0
Mfera_Health_Centre,gMuqGSS8knm,-16.06818,34.86724,2025,01,180.0
Mganja_Health_Centre,qb1Mj9bHSca,-14.42048,34.52305,2025,01,72.0
Mhalaunda_Health_Centre,inDCxEh9onL,-12.05118,33.46656,2025,01,10.0
Mhuju_Rural_Hospital,QrpvZldV7rA,-10.86685,33.99765,2025,01,2957.0
Mianga_Estate_Clinic,oXXbb8WAC4h,-16.09883,35.07553,2025,01,279.0
Migowi_Health_Centre,PHIvzmuxq0q,-15.71922,35.68542,2025,01,228.0
Mikolongwe_Health_Centre,ZEhFEU99s7M,-15.90149,35.18367,2025,01,171.0
Mikondo_Health_Centre,fQgxgDx2iHA,-14.44767,33.93951,2025,01,1162.0
Mikundi_Health_Centre,rAdbHKHrveg,-13.707966,33.13825,2025,01,2163.0
Milepa_Health_Centre,MH3qGNRGA9d,-15.68713,35.31818,2025,01,1634.0
Milonde_Health_Centre,C3eAtbe8AQW,-16.10264,35.47826,2025,01,1727.0
Mimosa_Health_Centre,YOhdb5QWf3k,-16.08574,35.61263,2025,01,3685.0
Mindanti_Health_Centre_(CHAM),vzXsxZNHzIf,-16.0791,34.568655,2025,01,151.0
Ming'ongo_Health_Centre,MCQRoU5bKZ7,-14.07479,33.44838,2025,01,2441.0
Misomali_Health_Centre_(CHAM),WPueOTAiLN1,-16.03775,34.5372,2025,01,82.0
Misuku_Health_Centre,XnBB0NztocS,-9.67977,33.52076,2025,01,432.0
Mitsidi_Health_Centre_(Lumbira),xEhYcXNLUVr,-15.77702,34.96873,2025,01,129.0
Mitundu_Rural_Hospital,aVmCsQGN0r1,-14.24776,33.77465,2025,01,4784.0
Mjini_Health_Centre,QRur3iZGQxE,-14.04457,34.23867,2025,01,1594.0
Mkanda_Health_Centre,FexDaTn0HFG,-13.514656,32.96083,2025,01,3603.0
Mkhota_R_Growth_Health_Centre,F17kSj3t4iD,-13.56651,33.34348,2025,01,1861.0
Mkhuzi_Health_Centre,K4fSBUiEBEX,-13.36646,33.77662,2025,01,2956.0
Mkhwayi_Health_Centre,tRNfX43j5Mv,-15.61457,35.62787,2025,01,259.0
Mkoma_Health_Centre,y1zhkY1SAE9,-12.61235,33.7824,2025,01,3186.0
Mkumba_Health_Centre,XQ14A9f2j8N,-14.5946,35.52517,2025,01,591.0
Mkwepere_Health_Centre,RQYBvIXGsDY,-14.60286,35.63635,2025,01,818.0
Mlale_Mission_Hospital,vlaK6dtRhxj,-14.23011,33.75658,2025,01,489.0
Mlambe_Hospital,cmCppSqIlzN,-15.644676,35.017358,2025,01,451.0
Mlanda_Health_Centre,IvqvjIvVBaK,-14.47886,34.45988,2025,01,55.0
Mlangali_Dispensary,a6eACcAs40A,-14.41322,34.27274,2025,01,792.0
Mlangeni_Health_Centre,ONmU8CWhzv9,-14.67662,34.53672,2025,01,360.0
Mlangeni_Police_Health_Centre,ObGhlP39lGg,-14.68292,34.53325,2025,01,74.0
Mlare_Dispensary,o9B8rTitcGn,-10.173,34.03591,2025,01,272.0
Mlodza_SDA_Dispensary,HYVLnrx75IO,-14.007222,33.8175,2025,01,14.0
Mlomba_Health_Centre,OUiAuB0Uc7D,-15.01903,35.47708,2025,01,1745.0
Mlowe_Health_Centre,GSQ5TnX3yuJ,-10.76429,34.19488,2025,01,172.0
Mndinda_Health_Centre,uYi2L6Go4Qf,-13.2474,34.05675,2025,01,1554.0
Mnyanja_Health_Centre,mwyB6seePPU,-12.710138,33.486167,2025,01,1150.0
Monkey-Bay_Community_Hospital,rJjuBGDDPrG,-14.08468,34.91104,2025,01,144.0
Moyale_Barracks_Health_Centre_,S9XMFfakFVw,-11.45976,34.03829,2025,01,222.0
Mpala_Health_Centre,w8qa58C9FGk,-16.14386,35.52479,2025,01,3208.0
Mpamantha_Health_Centre,YEVlg1UBA5H,-13.06926,34.25224,2025,01,1185.0
Mpamba_Health_Centre,cHhZC34cSCl,-11.54697,34.19727,2025,01,1035.0
Mpasa_Health_Centre,Kxv4oNJw7DU,-15.7579,35.61142,2025,01,530.0
Mpata_Health_Centre,n7QRqzjmhbr,-9.96062,33.81525,2025,01,901.0
Mpemba_Health_Centre,d9yZ10QgeOl,-15.874953,34.956435,2025,01,1251.0
Mpepa_/_Chisinga_Health_Centre,GJhhq8K1EBF,-12.622028,33.326917,2025,01,6454.0
Mphathi_Health_Centre,KCFtEvMrZ3Z,-14.45516,34.07683,2025,01,46.0
Mphelero_Health_Centre,x6VWLw7WSUB,-13.752724,33.02337,2025,01,2463.0
Mphepozinai_Dispensary,D2lOPiKippv,-14.73586,34.66115,2025,01,2042.0
Mpherembe_Health_Centre,XazLGbIHFsc,-11.28806,33.61431,2025,01,1174.0
Mphompha_Health_Centre,hS2sYnTQbU3,-11.00662,34.07305,2025,01,332.0
Mphunzi_Health_Centre,eXOvuYIG9YP,-14.37933,34.17539,2025,01,144.0
Mpingo_Health_Centre,WaVNBxhEraz,-15.881789,34.913597,2025,01,476.0
Mpiri_Health_Centre,rl3pWoEjBn3,-14.77192,35.60801,2025,01,303.0
Mpondasi_Health_Centre,AUDheLXTT2U,-14.45347,35.24387,2025,01,56.0
Mponela_Rural_Hospital,ueVjB10KIyz,-13.53264,33.73713,2025,01,6038.0
Mposa_Health_Centre,tLsbScHkeRF,-15.14906,35.51849,2025,01,328.0
Msaka_Dispensary,VFjaTYD2PvB,-14.0792622,34.8522917,2025,01,58.0
Msakambewa_Health_Centre,jgFPtgYE3C8,-13.55296,33.89719,2025,01,2158.0
Mseche_Clinic,kEalcH7WPX0,-13.78,33.91,2025,01,133.0
Msenjere_Health_Centre,dE9wie8cYJB,-12.73248,34.17062,2025,01,1210.0
Msese_Health_Centre,Um1JMpMYGpE,-12.35951,33.74002,2025,01,1553.0
Msumbe_Health_Centre,hLuqNN1enth,-9.75123,33.67563,2025,01,739.0
Mtakataka_Health_Centre,wtmWonh9GZt,-14.22745,34.51474,2025,01,1264.0
Mtakataka_Police_Health_Centre,Fo4Nu1Khoqq,-14.22581,34.51119,2025,01,378.0
Mtende_Health_Centre,o0hX9ak46oU,-11.49724,33.54894,2025,01,1877.0
Mtendere_Health_Centre,r0KnLCBcTr3,-14.32271,34.09373,2025,01,1114.0
Mtengoumodzi_Private_Hospital,P4mpxuxgOZW,-15.7245,35.01637,2025,01,13.0
Mtengowanthenga_Mission_Hospital,s79dCXbcoCA,-13.67165,33.77623,2025,01,633.0
Mtenthera_Health_Centre,TIa8uoFjhcd,-14.10884,34.00567,2025,01,2369.0
Mtimabii_Health_Centre,U0L0TzkTg4Y,-14.61111,35.08273,2025,01,1568.0
Mtonda_Health_Centre,PxcYX4fmgXB,-15.02,34.75144,2025,01,172.0
Mtosa_Health_Centre,tlqs0jOTw9o,-13.43876,34.27365,2025,01,734.0
Mtunthama_Health_Centre,PbfmrMdVBs3,-13.03145,33.68209,2025,01,1707.0
Mtwalo_Health_Centre,JeL4xvlOwsv,-11.39671,33.74591,2025,01,534.0
Mua_Mission_Hospital,niNbaFnNCgp,-14.28307,34.50972,2025,01,154.0
Mulanje_District_Hospital,Nepy3vH3e6g,-16.02549,35.50785,2025,01,5624.0
Mulanje_Mission_Hospital,MKIDkeCfVCc,-16.02103,35.46436,2025,01,450.0
Mulembe_Health_Centre,ncKg2M2bIHm,-10.061782,33.377912,2025,01,591.0
Mulibwanji_Hospital,GjCDed8EK8B,-14.51145,35.58797,2025,01,254.0
Mulomba_Health_Centre,ijqBzVGbncx,-15.76535,35.51182,2025,01,1098.0
Muloza_Health_Centre,P5U57FLrPxL,-16.06252,35.76226,2025,01,1607.0
Muluma_Dispensary,jHjfJQsvt47,-14.71894,34.6355,2025,01,341.0
Mulungu_Alinafe_Health_Centre,YpOsxnyWD67,-15.85719,35.81552,2025,01,289.0
Mvera_Mission_Health_Centre,QKnbzIuwFb6,-13.73673,34.12876,2025,01,501.0
Mvera_Support_Battalion_Health_Centre,aockNsOfjIt,-13.77963,34.1398,2025,01,2087.0
Mwaiwathu_Private_Hospital,YGIGbwqnA9M,-15.78547,35.01691,2025,01,30.0
Mwandama_Health_Centre,jyoWzEvm0XC,-15.49803,35.18803,2025,01,1756.0
Mwanga_Health_Centre,Js5P9ZU5K6r,-15.64632,35.53221,2025,01,90.0
Mwangala_Health_Centre,ZctUHvWm292,-13.48744,33.9234,2025,01,2759.0
Mwansambo_Health_Centre,Rf1rrKDqc9l,-13.30698,34.11877,2025,01,1760.0
Mwanza_Clinic_(Illovo_Private),dviOrlXivOL,-16.1894,34.88065,2025,01,22.0
Mwanza_District_Hospital,ojR8a0Xu9A3,-15.59118,34.50998,2025,01,3237.0
Mwaya_Health_Centre,aqRm9wq0aIA,-11.97658,34.07603,2025,01,255.0
Mwazisi_Health_Centre,JeN3ydrU4lR,-10.94356,33.5792,2025,01,739.0
Mwenilondo_Health_Centre,IzCVmo0841o,-10.003762,33.93254,2025,01,251.0
Mwima_Health_Centre,iQmvSbGhycA,-14.929636,35.184932,2025,01,780.0
Mzalangwe_Health_Centre,tca66OfpOph,-11.61228,33.5651,2025,01,13.0
Mzambazi_Community_Hospital,L0obMixrYsw,-11.42764,33.45031,2025,01,1604.0
Mzandu_Health_Centre,zbzy1EAHemL,-13.48916,34.02738,2025,01,2067.0
Mzenga_Health_Centre,DCafjM4Ew3G,-11.73249,34.07401,2025,01,962.0
Mzimba_District_Hospital,H58PMzo9Xii,-11.89805,33.58421,2025,01,3579.0
Mziza_Health_Centre_,GaqkYT3AgFn,-13.27941,33.50405,2025,01,759.0
Mzokoto_Health_Centre,bYR9HESsWKd,-10.90777,34.02735,2025,01,395.0
Mzuzu_Central_Prison_,eywf2mgdPPI,-11.46474,34.01991,2025,01,7.0
Mzuzu_Police_Dispensary,sJQF7WPP2Ck,-11.46211,34.02489,2025,01,172.0
Mzuzu_University_Clinic_,rHtjCrmXd7e,-11.42175,33.99564,2025,01,31.0
Mzuzu_Urban_Health_Centre,cQ41y2ym2RV,-11.46138,34.01518,2025,01,2031.0
NRC,rIFUCMVM6i2,-14.02247,33.67422,2025,01,89.0
Nainunje_Health_Centre,UlGsSjoERdc,-14.7406,35.56503,2025,01,1048.0
Naisi_Health_Centre,ncRCRH1homB,-15.35785,35.3849,2025,01,2456.0
Nakalanzi_Health_Centre,yRUuIksTiLm,-14.20233,34.54819,2025,01,143.0
Nalunga_Health_Centre,jcUguNrYDmp,-13.64378,34.0567,2025,01,2936.0
Namadidi_Dispensary,bHXisKRaXOR,-15.41079,35.24736,2025,01,2040.0
Namadzi_Health_Centre,bthDRjgyzgo,-15.54663,35.18761,2025,01,1897.0
Namalaka_Health_Centre,JRwvE3EiDuo,-14.12384,35.19301,2025,01,36.0
Namandanje_Health_Centre,KEPMWjMdxDG,-14.88211,35.48324,2025,01,212.0
Namanja_Health_Centre,XG7w56VzqMn,-14.96543,35.67994,2025,01,519.0
Namanolo_Health_Centre,spgBSrohYPo,-15.00071,35.19004,2025,01,305.0
Namasalima_Health_Centre_(Mulanje),asiPyqS8rHs,-16.08016,35.71573,2025,01,939.0
Namasalima_Health_Centre_(Zomba),mR7n2aiuf2m,-15.23142,35.48876,2025,01,1050.0
Namasoko_Dispensary,XB2kh1cvnwt,-15.739998,35.604002,2025,01,174.0
Nambazo_Health_Centre,AyarnjnokWg,-15.55919,35.81566,2025,01,421.0
Nambiti_II_Health_Centre,FIHIYv39yqU,-15.80293,35.76392,2025,01,19.0
Nambuma_Health_Centre,qlkyWX9EEaw,-13.72409,33.55789,2025,01,903.0
Nambuma_Health_Centre_(Dowa),TfVuTh2kZon,-13.6973761,33.5974333,2025,01,1412.0
Namikango_Health_Centre,AWytIG2qdwP,-15.47723,35.24056,2025,01,133.0
Namikoko_Health_Centre,sTjTxJqSCWE,-15.48651,35.07379,2025,01,1256.0
Naming'omba_estate_clinic,VLJsrQrzivg,-16.04009,35.08996,2025,01,26.0
Namitambo_Health_Centre,TArV024FtcH,-15.84113,35.27019,2025,01,320.0
Namizana_Dispensary,OAXUYKyVuIz,-14.001925,33.246444,2025,01,1642.0
Namphungo_Health_Centre,PxkHQqgxweP,-15.80407,35.3491,2025,01,799.0
Namulenga_Health_Centre,uLVlUIL4rlD,-15.86563,35.32718,2025,01,106.0
Namwera_Health_Centre,SjXKV0RvdBG,-14.3637,35.50221,2025,01,577.0
Nancholi_Dispensary,Q90Za7zl8zB,-14.47803,35.58667,2025,01,692.0
Nancholi_Health_Centre,gZqBeopWLoA,-15.827409,34.969353,2025,01,452.0
Nandumbo_Health_Centre,tVpkUqyzg60,-14.85169,35.22552,2025,01,116.0
Nangalamu_Health_Centre,xSi6MZN3hAK,-14.48148,35.67288,2025,01,1881.0
Nankhwali_Health_Centre,oS0WaJ5v6t4,-14.1351,34.84488,2025,01,168.0
Nankumba_Health_Centre,cnUCvDXttIv,-14.36521,34.82361,2025,01,193.0
Naphimba_Health_Centre,akhqt6Z6B7x,-16.03628,35.67854,2025,01,1382.0
Nasawa_Health_Centre,RicJ2qmCw3g,-15.6023,35.25956,2025,01,2305.0
Nathenje_Health_Centre,AgYrPo8MW5I,-14.08504,33.90823,2025,01,3396.0
Nayuchi_Health_Centre,fwctySB9ovz,-14.97585,35.86726,2025,01,412.0
Nchalo_(Hunger)_Health_Centre,nXFq0fzH08I,-16.28642,34.83881,2025,01,44.0
Ndakwera_Health_Centre,EdY8ZVRq9ST,-16.22357,34.68896,2025,01,281.0
Ndamera_Health_Centre,pSYB6OucIkn,-17.09569,35.21902,2025,01,148.0
Ndaula_Health_Centre,Pw6JwUkqdlF,-14.1385,33.50757,2025,01,2562.0
Ndirande_Urban_Health_Centre,M5ZUfC4v8GV,-15.7781,35.03946,2025,01,264.0
Ndunde_Health_Centre,YxzE6eiZh7V,-15.69615,35.23355,2025,01,1120.0
Neno_District_Hospital,Rmh4wKR794k,-15.39524,34.65349,2025,01,5272.0
Neno_Parish_Health_Centre,I4Vox6oteWl,-15.43701,34.60843,2025,01,1501.0
New_Statehouse_Dispensary,s0Wy1UgxpqI,-13.96051,33.85089,2025,01,1046.0
Newa/Mpasazi_Health_Centre,XkcRltXu9tK,-12.58333,33.38174,2025,01,846.0
Ng'onga_Health_Centre,CyLPblDfB5N,-10.93922,33.94348,2025,01,368.0
Ngabu_Rural_Hospital,r1idesX7bX6,-16.45928,34.89253,2025,01,172.0
Ngabu_SDA__Health_Centre_(CHAM),yJV9qRDSt9V,-16.46516,34.87901,2025,01,29.0
Ngala_Health_Centre,tTaiG5Qrcyr,-12.36529,34.06552,2025,01,653.0
Ngana_Health_Centre,Cas9rlkSOQn,-9.62021,33.69891,2025,01,607.0
Ngapani_Health_Centre,VWvs8SJXcRe,-14.0296,35.33773,2025,01,102.0
Ngodzi_Health_Centre,LTFJhIOv3VP,-14.08926,34.50896,2025,01,91.0
Ngokwe_Health_Centre,UltcvVpNf8r,-14.70706,35.80177,2025,01,1979.0
Ngoni_Health_Centre,U1sHpxxw4WH,-13.77509,33.64018,2025,01,3549.0
Nguluwentowo__Health_Centre,Wh79HzFJzJh,-14.0753967,33.6188717,2025,01,688.0
Ngwelero_Health_Centre,grLzTEcg70S,-15.66645,35.42718,2025,01,1620.0
Njereza_Dispensary,cyoNyGB6GzX,-14.3392413,35.0317026,2025,01,144.0
Njuyu_Health_Centre,CZXbHCpGcTW,-11.52455,33.69953,2025,01,1128.0
Nkalo_Health_Centre,Phu68UfvSy0,-15.97065,35.30997,2025,01,294.0
Nkasala_Health_Centre,TOHfssdeOr9,-15.32778,35.21661,2025,01,681.0
Nkhalango_Private_Clinic,N4dbtgJAnhw,-14.01291,33.70483,2025,01,107.0
Nkhamenya_Mission_Hospital,QcCfOxMgWJN,-12.56606,33.50098,2025,01,760.0
Nkhata_Bay_District_Hospital,Cr4BIZYc1Ks,-11.60159,34.29872,2025,01,1805.0
Nkhataombere_Maternity,cW0qFAm1C3P,-16.3239,35.2639,2025,01,81.0
Nkhoma_Mission_Hospital,wPja49DJa2A,-14.04389,34.1036,2025,01,1422.0
Nkhorongo_Health_Centre,dz2aFcg1wHo,-11.3901,33.98514,2025,01,630.0
Nkhotakota_District_Hospital,eLLoifuK7RA,-12.92508,34.27939,2025,01,2462.0
Nkhulambe_Health_Centre,IFWkUcZya9D,-15.85949,35.74751,2025,01,1084.0
Nkhunga_Health_Centre,RQX6rnfUsBD,-12.48023,34.10842,2025,01,1036.0
Nkhwazi_Health_Centre,BogAIA30ZjT,-13.923643,33.226629,2025,01,3925.0
Nkomaula_Health_Centre,PY3CbMBy53P,-15.7211,35.36672,2025,01,929.0
Nkope_Health_Centre,jrlOSjcDYGN,-14.19733,35.03944,2025,01,381.0
Nkula_Health_Centre,cfzBcWqPOoy,-15.52193,34.82512,2025,01,245.0
Nkumaniza_Health_Centre,bwhjLosc8k8,-16.47944,34.72431,2025,01,733.0
Nsabwe_Dispensary,zUquZgXa6Rm,-16.33807,35.2003,2025,01,60.0
Nsambe_Sda_Health_Centre,HxziIaDjatq,-15.26135,34.6135,2025,01,383.0
Nsanama_Health_Centre,DLSIRdTyKv3,-14.99491,35.49477,2025,01,164.0
Nsanje_District_Hospital,tVuIhivYk9N,-16.91794,35.26001,2025,01,974.0
Nsaru_Health_Centre,lxulWQBn6fT,-13.8855,33.5043,2025,01,4256.0
Nsipe_Health_Centre,DZq9bb4C1Jn,-14.86434,34.75233,2025,01,665.0
Nsiyaludzu_Health_Centre,GYlTZXKcHxA,-14.93648,34.87425,2025,01,1132.0
Ntaja_Health_Centre,Ybh0Ww4WWVx,-14.86828,35.52911,2025,01,916.0
Ntcheu_District_Hospital,irf8hxUohn5,-14.81698,34.63823,2025,01,3638.0
Ntchisi_District_Hospital,qXwx6gQyNBv,-13.36345,33.91061,2025,01,4945.0
Nthalire_Health_Centre,I6ZujG9AVcl,-10.34894,33.64394,2025,01,2361.0
Nthenje_Health_Centre,mEYFrYZrHrN,-10.91788,33.98786,2025,01,44.0
Nthondo_Health_Centre_(Lilongwe),yzgU0YKoHnq,-14.03153,33.44849,2025,01,2940.0
Nthondo_Health_Centre_(Ntchisi),xQBYdqlCMvU,-13.24723,34.00699,2025,01,3729.0
Nthorowa_Health_Centre,VSHsslABmXE,-14.99492,35.57325,2025,01,334.0
Nthungwa_Health_Centre,qXonH3FiBYn,-11.66014,33.80046,2025,01,264.0
Ntonda_Dispensary,mFPyswjy5p7,-13.2512161,34.3015278,2025,01,72.0
Nyambi_Health_Centre,ZD6zoYO03cf,-14.68999,35.57257,2025,01,1256.0
Nyamithuthu_Health_Centre,zCPRlak2MqT,-16.68213,35.19821,2025,01,284.0
Nyanja_Health_Centre,BoFpWeZOB2l,-14.101975,33.98075,2025,01,1045.0
Nyungwe_Health_Centre,xr2MuALneJH,-10.28546,34.10851,2025,01,349.0
Nzama_Health_Centre,xiPaD8Vsm7n,-14.89375,34.58597,2025,01,172.0
Ofesi_Health_Centre,bWYHqt0OcHy,-12.77939,33.54904,2025,01,1576.0
Parachute_dispensary,Y4g17ECjSHt,-13.74314,34.58826,2025,01,78.0
Partners_In_Hope_Clinic_Moyo_Clinic_(public),FHaAx124JwD,-14.02341,33.78783,2025,01,3.0
Pemba_Health_Centre,owYugg6oOSe,-13.885175,34.556777,2025,01,629.0
Pensulo_Health_Centre,xN8oZzMyC33,-15.807877,34.956973,2025,01,673.0
Phalombe_District_Hospital,SroPcWkDbAO,-15.7170604,35.7038228,2025,01,1024.0
Phalombe_Health_Centre,zDFhyylZv3c,-15.80677,35.64918,2025,01,402.0
Phalombe_Mission_Holy_Family_Hospital,m03CECb09qZ,-15.82471,35.61875,2025,01,160.0
Phalula_Health_Centre,Xp3wYJuLYue,-15.22557,34.89322,2025,01,212.0
Phanga_Dispensary,fzNTz7Gcejn,-14.34498,34.72016,2025,01,233.0
Phimbi_Health_Centre,OmkxKPS11ej,-15.25075,35.10716,2025,01,719.0
Phirilongwe_Health_Centre,IXMfufQaORA,-14.58847,34.89938,2025,01,728.0
Phokera_Health_Centre,t0NplMFqDph,-16.62831,35.15663,2025,01,229.0
Pim_Health_Centre,nCX7iqBMNwM,-15.75309,35.1923,2025,01,182.0
Pirimiti_Health_Centre,X3O5uAX04Z9,-15.48302,35.45048,2025,01,922.0
Police_Hospital,QwBJxR5kKa1,-15.39112,35.32685,2025,01,687.0
Polytechnic_Clinic_,nFIyDVJHSgo,-15.80207,35.02718,2025,01,6.0
Raiply_Dispensary,uOxLo7wYTRA,-11.91644,33.75598,2025,01,499.0
Ruarwe_Health_Centre,kKaGzpI0IKd,-11.11377,34.23093,2025,01,63.0
Rumphi_District_Hospital,ELlvUH7sci2,-11.01993,33.85422,2025,01,854.0
Sadzi_Health_Centre,BuyHhYha5dP,-15.40882,35.31969,2025,01,1677.0
Salima_District_Hospital,D4HrpFEtQRq,-13.76214,34.42199,2025,01,1047.0
Sambakusi_Health_Centre,VQ55OUjplL7,-13.349658,33.983158,2025,01,1518.0
Sangilo_Health_Centre,r0Elt6wypHg,-10.51609,34.21346,2025,01,121.0
Sanjika_Clinic,H64Mae6Suyl,-15.79267,34.97288,2025,01,528.0
Sankhulani_Health_Centre,xhQxgh1GSkX,-16.456861,35.258889,2025,01,772.0
Santhe_Health_Centre,B1gKsva7Nw4,-13.46712,33.39378,2025,01,1673.0
Satemwa_Clinic,S0KCNuAkdMR,-16.07641,35.07692,2025,01,222.0
Senga_Bay_Baptist_Health_Centre,ceJLGDr1eVI,-13.73887,34.59749,2025,01,20.0
Senzani_Health_Centre,FWZnvXYdJV6,-15.07865,34.85783,2025,01,239.0
Sharpe_Valley_Health_Centre,Wwu7pZG2KuR,-14.61103,34.7369,2025,01,485.0
Shifa_Private_Clinic,CMTihDdVodi,-15.78715,35.01045,2025,01,7.0
Shukran_Health_Clinic,tiuHWFh2hKi,-13.1633149,34.3332745,2025,01,0.0
Simayiwa_Dispensary,jtid6arDY0M,-13.78623,34.46243,2025,01,2.0
Simlemba_Health_Centre,xcRa7FraazI,-12.74081,33.6764,2025,01,4597.0
Sinyala_Dispensary,OojoWe533hy,-14.58386,35.57626,2025,01,328.0
Sister_Teleza_Community_Hospital,QJKJi4blhkg,-14.99902,34.82815,2025,01,221.0
Soche_Maternity,AiR2MD63tCb,-15.85726,35.02761,2025,01,162.0
Soche_SDA_Dispensary,nKzxabl3RpR,-15.80918,35.01977,2025,01,5.0
Social_Islamic_Development_Clinic,blAeMN3Ug8z,-13.756147,34.5577688,2025,01,20.0
Somba_Health_Centre,HrORTH4UNrp,-14.646869,35.538212,2025,01,287.0
Sorgin_Health_Centre,tWHl2Y9tGSe,-16.54278,35.01159,2025,01,92.0
South_Lunzu_Health_Centre,OJhXyqgy2Qm,-15.726956,35.05464,2025,01,346.0
Sr_Marthas_Health_Centre,hwx0GuqLuBN,-14.38531,35.53555,2025,01,89.0
St_Annes_Health_Centre,fA5VQVs3L2A,-10.41184,34.21188,2025,01,88.0
St_Johns_of_God_Mental_Hospital,Q9p5l8Liv8c,-11.45571,34.01381,2025,01,1.0
St_Josephs_Mission_Hospital_(Nguludi),jm5VShYSJ35,-15.80173,35.16825,2025,01,166.0
St_Josephs_Mitengo_Health_Centre,plC4nwLdlbf,-16.11123,35.24591,2025,01,352.0
St_Martins_Molere_Health_Centre,POK4qrJEUda,-16.21758,35.13552,2025,01,1294.0
St_Mary's_Community_Hospital,iwNUT99k69Z,-14.5422193,35.1821163,2025,01,14.0
St_Montfort_Hospital_(CHAM),a8NecI8jzqL,-16.25716,34.86831,2025,01,11.0
St_Patricks_Health_Centre_(Rumphi),F5rBhJR8YzL,-11.02297,33.87319,2025,01,5.0
St_Vincent_Health_Centre_(Chadzunda),q4hK217Rtbr,-15.91421,34.94984,2025,01,85.0
St._Andrews_Community_Hospital,WEXi1SR3Ps6,-13.03263,33.67114,2025,01,478.0
St._Annes_Mission_Hospital,pqKNCtpevif,-12.92747,34.29554,2025,01,174.0
St._Clara_Health_Centre,cYi9ukX5eZt,-9.9776826,33.4102447,2025,01,411.0
St._Cynthia,OTusRSmKQ88,-9.6600973,33.320541,2025,01,126.0
St._Denis_Health_Centre,obFyUFNJPUm,-12.9953214,33.3779012,2025,01,122.0
St._Faith_Health_Centre,TfUBwEL4ESW,-12.92886,33.7952,2025,01,466.0
St._Gabriel_Mission_Hospital,M438IpmrFy5,-13.98418,33.35128,2025,01,277.0
St._Johns_Mission_Hospital,DJ8gHyjgiVL,-11.45161,34.02806,2025,01,193.0
St._Lukes_Mission_Hospital,rohhSzKgCbr,-15.20914,35.35291,2025,01,986.0
St._Martin_Mission_Hospital,RfcuOXpbcam,-14.34759,35.29375,2025,01,99.0
St._Peters_Mission_Hospital,rLCi8itMAng,-12.06492,34.73621,2025,01,72.0
St._Robert_Health_Centre,eGllm1lpNxM,-15.4117893,35.4436095,2025,01,77.0
State_House_Dispensary,CKRqkhgVqwJ,-15.38153,35.31027,2025,01,2.0
Sukasanje_Health_Centre,pix1qzSosTb,-15.93038,35.76603,2025,01,476.0
Tcharo_Health_Centre,BU7rorTM59N,-10.96193,34.22225,2025,01,89.0
Tembwe_Health_Centre,tfkK9FkHh3n,-13.901216,33.062315,2025,01,5188.0
Tengani_Health_Centre,O4OnTZDe6YW,-16.73308,35.27015,2025,01,414.0
Thabilo_Dispensary,xRXGSnovdM0,-10.305118,34.0632451,2025,01,33.0
Thambani_Health_Centre,OfoB1qVuiwI,-15.72609,34.39953,2025,01,3215.0
Thavite_Health_Centre,or37YlPVkxQ,-13.498,34.26122,2025,01,826.0
Thekerani_Rural_Hospital,INxuyEdPFCm,-16.32104,35.20741,2025,01,1176.0
Thembe_Health_Centre,Y06YIhXv9wY,-16.08703,35.43417,2025,01,628.0
Therere_Health_Centre,VieZrqCiWbp,-16.36776,34.682238,2025,01,106.0
Thomas_Health_Centre,TKKQUXqRrrr,-16.02878,34.97881,2025,01,86.0
Thondwe_Health_Centre,WSD1egGlSlf,-15.48458,35.23696,2025,01,3726.0
Thonje_Health_Centre,V75SGRWLZNR,-13.72624,34.23725,2025,01,777.0
Thuchila_Health_Centre,xIfDdYzRS5G,-15.91917,35.36119,2025,01,792.0
Thumbwe_Health_Centre,tlDXiuRLOpw,-15.76823,35.24849,2025,01,715.0
Thunduwike_Health_Centre,O6DhPzoQAUm,-11.17665,33.57636,2025,01,212.0
Thunga_Health_Centre,RCNInuIslmh,-16.00096,35.06532,2025,01,52.0
Thyolo_District_Hospital,Obpw5vLlCtg,-16.06937,35.14806,2025,01,1984.0
Trinity_-_Fatima_Hospital,iRQXiwCxsE8,-16.41919,35.17154,2025,01,65.0
Tsangano_Health_Centre,rLjop5TPyxt,-15.17401,34.61117,2025,01,172.0
Tsoyo_Dispensary,NZE1wxbWvTa,-14.08098,34.16138,2025,01,799.0
Tukombo_Health_Centre,WzvT614Stek,-12.083223,34.054283,2025,01,603.0
Tulonkhondo_Health_Centre,UDVA59g76b9,-15.7496,34.52277,2025,01,734.0
Ukwe_Health_Centre,Q8nVnVo1NOY,-13.82586,33.60129,2025,01,2683.0
Ulongwe_Health_Centre,GlTM0PVLNMX,-14.86247,35.17734,2025,01,116.0
Usisya_Health_Centre,Wh3m13Uzsn7,-11.2394,34.20941,2025,01,536.0
Utale_1_Health_Centre,uKJ1hfxCykV,-15.17774,35.06424,2025,01,39.0
Utale_2_Health_Centre,cPO0zV087kQ,-14.930853,35.239334,2025,01,95.0
Vibangalala_Dispensary,BtjLFnqUPEj,-12.23433,33.48619,2025,01,2293.0
Vizara_Dispensary,duwtTjuHUih,-11.66656,34.26115,2025,01,489.0
Wandikweza_Health_Centre,YWpsZDMTUed,-13.435191,33.617826,2025,01,2604.0
Waruma_Health_Post,uBmhSlPGXCC,-15.77085,35.55093,2025,01,90.0
Wenya_Health_Centre,M7TlHaVIPLz,-10.11286,33.56344,2025,01,884.0
Wiliro_Health_Centre,kUmwU0N12O7,-9.89312,33.61404,2025,01,1494.0
Wimbe_Health_Centre,bPKUlNCxhvT,-12.99126,33.68694,2025,01,1529.0
World_Medical_Fund_,bLAoLBIwbSn,-12.91536,34.28338,2025,01,116.0
Zalewa_Dispensary,NW5K84KJ4xp,-15.44995,34.8504,2025,01,638.0
Zilindo_Health_Centre,P3bvgqs7mIQ,-15.3805,35.3013,2025,01,333.0
Zingwangwa_Urban_Health_Centre,gTkYqxfVTM0,-15.8214,35.01197,2025,01,174.0
Zoa_Health_Centre,iaUfnrbzQ9d,-16.23764,35.19992,2025,01,3007.0
Zolozolo_Health_Centre,B9FD1zCgB3t,-11.43551,34.02417,2025,01,445.0
Zomba_Central_Prison_Clinic,A8FCrw9vdEI,-15.39611,35.31248,2025,01,30.0
Zunga_Health_Centre,WkVlxvzEcpC,-10.84628,34.21231,2025,01,79.0